video_url,user_url,username,title,view_num,created_at,shortdesc,collected_at
/watch?v=UqPcHQfsMCk&pp=ygUaTm9ydGggaG9sbHl3b29kIGNhbGlmb3JuaWE%3D,/@livinginlosangelescaliforn577,Living in Los Angeles California,Living in North Hollywood Los Angeles California [FULL VLOG TOUR],7.5K,1 year,Join me as we take a tour of North Hollywood. As a gateway community between metro Los Angeles and the San Fernando Valley¬†...,2024-01-27 21:35:54.744393
/watch?v=yC4TuNE_GSM&pp=ygUaTm9ydGggaG9sbHl3b29kIGNhbGlmb3JuaWE%3D,/@Parker-Green,Parker Green,The TOP Things To Do in NORTH HOLLYWOOD 2023! NoHo HIDDEN GEMS in Los Angeles Travel Guide & Tour,2.9K,1 year,"You've probably heard of Hollywood, but what about North Hollywood?! Today we're going to one of LA's most underrated¬†...",2024-01-27 21:35:54.747249
/watch?v=Uvt_cixkvXw&pp=ygUaTm9ydGggaG9sbHl3b29kIGNhbGlmb3JuaWE%3D,/@senoronionsarchives,Se√±or Onion‚Äôs Archives,The North Hollywood Shootout,212K,2 years,"The North Hollywood shootout was a confrontation between two heavily armed and armored bank robbers, Larry Phillips Jr. and¬†...",2024-01-27 21:35:54.750369
/watch?v=oVvn2Vw63MU&pp=ygUaTm9ydGggaG9sbHl3b29kIGNhbGlmb3JuaWE%3D,/@Mister.V.,Mister V,4K Los Angeles California. North Hollywood to West Hollywood,3.1K,10 months,Los Angeles California. Driving from North Hollywood to West Hollywood #losangeles #hollywood #california #trending¬†...,2024-01-27 21:35:54.752746
/watch?v=Di0u8wBJ1fg&pp=ygUaTm9ydGggaG9sbHl3b29kIGNhbGlmb3JuaWE%3D,/@KTLA5,KTLA 5,North Hollywood pizza shop employees take down armed robber,138K,7 days,Employees of a pizza shop in North Hollywood took down an armed robber and held him at bay until police could arrest him¬†...,2024-01-27 21:36:02.965002
/watch?v=yKc3ggtGLnQ&pp=ygUaTm9ydGggaG9sbHl3b29kIGNhbGlmb3JuaWE%3D,/@PopoMedic,Popo Medic,The Heist & Battle of North Hollywood‚Ä¶,3.4M,1 year,"The North Hollywood shootout was a confrontation between two heavily armed and armored bank robbers, Larry Phillips Jr. and¬†...",2024-01-27 21:36:02.970685
/watch?v=sSkJHLf_7eI&pp=ygUaTm9ydGggaG9sbHl3b29kIGNhbGlmb3JuaWE%3D,/@Foxla,FOX 11 Los Angeles,Homeless crisis haunts North Hollywood,14K,5 months,"Since the LA Family Housing moved people into North Hollywood, residents say crime and violence has increased in the area.",2024-01-27 21:36:02.973335
/watch?v=ArO9t7niVKE&pp=ygUaTm9ydGggaG9sbHl3b29kIGNhbGlmb3JuaWE%3D,/@KTLA5,KTLA 5,Nightmare living conditions in North Hollywood,25K,3 months,Residents in a North Hollywood apartment building say management have neglected the facility for so long that they are dealing¬†...,2024-01-27 21:36:02.975894
/watch?v=-STp7CChXKw&pp=ygUaTm9ydGggaG9sbHl3b29kIGNhbGlmb3JuaWE%3D,/@superiorkarco4943,SuperiorKar Co,"2008 Honda Ridgeline RTL for sale in North Hollywood, CA",54,2 days,Click here to learn more about this vehicle: https://www.superiorkar.net/vehicle-details/1e06cd3c697dce42bbdc7f2b371b1256¬†...,2024-01-27 21:36:02.978761
/watch?v=WxnZkzhprzg&pp=ygUaTm9ydGggaG9sbHl3b29kIGNhbGlmb3JuaWE%3D,/@RockstarEater,Rockstar Eater,Exploring NORTH HOLLYWOOD: Is it Like Central Hollywood?,7.2K,2 years,"Steve Cha (aka Rockstar Eater) visits the northern part of Hollywood, in a city called North Hollywood, which is above Universal¬†...",2024-01-27 21:36:02.983648
/watch?v=RKPxEMts56Y&pp=ygUaTm9ydGggaG9sbHl3b29kIGNhbGlmb3JuaWE%3D,/@ActionKid,ActionKid,Los Angeles LIVE Exploring North Hollywood (Part 1),14K,Streamed 2 years,Los Angeles LIVE Exploring North Hollywood. The live stream ended abruptly due to Verizon having poor service in the area.,2024-01-27 21:36:02.986647
/watch?v=SMRfyX1xC4s&pp=ygUaTm9ydGggaG9sbHl3b29kIGNhbGlmb3JuaWE%3D,/@0nlyBim,0nlyBim,Zero Hour: North Hollywood Shootout (Remastered),70K,2 years,Zero Hour - North Hollywood Shootout (1080p) Upscaled using Topaz Video Enhance AI Buy Zero Hour on Prime video;¬†...,2024-01-27 21:36:02.993127
/watch?v=LRv5fuBRMwY&pp=ygUaTm9ydGggaG9sbHl3b29kIGNhbGlmb3JuaWE%3D,/@senoronionsarchives,Se√±or Onion‚Äôs Archives,North Hollywood Shootout,14K,2 years,"The North Hollywood shootout was a confrontation between two heavily armed and armored bank robbers, Larry Phillips Jr. and¬†...",2024-01-27 21:36:02.997612
/watch?v=rlmHFkcHQOk&pp=ygUaTm9ydGggaG9sbHl3b29kIGNhbGlmb3JuaWE%3D,/@RainaHuang,Raina Huang,"6,000 CALORIE PIZZA CHALLENGE at Joe Peep's in North Hollywood, CA!! #RainaisCrazy",32K,3 days,Like and subscribe the video if you enjoyed it :) Thank you for the support!! Email Q and A and pictures to:¬†...,2024-01-27 21:36:03.003912
/watch?v=ckP93WJPT-8&pp=ygUaTm9ydGggaG9sbHl3b29kIGNhbGlmb3JuaWE%3D,/@Foxla,FOX 11 Los Angeles,North Hollywood apartment building owners sued over alleged gang activity,36K,1 year,Los Angeles City Attorney Mike Feuer Thursday urged Angelenos to report unsafe and violent conditions in their neighborhood¬†...,2024-01-27 21:36:03.006645
/watch?v=jI-oerR3eZ0&pp=ygUaTm9ydGggaG9sbHl3b29kIGNhbGlmb3JuaWE%3D,/@LawAndCrime,Law&Crime Network,North Hollywood Shootout Changes LAPD SWAT Officer‚Äôs Life Forever ‚Äî The Case I Can‚Äôt Forget,177K,10 months,"A bank robbery, a massive police chase & one of the largest shootouts with police in history. Former LAPD SWAT officer Rick¬†...",2024-01-27 21:36:03.009283
/watch?v=ZYYIoVuDUCU&pp=ygUaTm9ydGggaG9sbHl3b29kIGNhbGlmb3JuaWE%3D,/@graveexplorations,Grave Explorations,"Exploring Valhalla Cemetery, North Hollywood, CA - Famous Actors and Aviators Graves",117K,5 years,Come walk with me through the fascinating history of Valhalla Memorial Park in North Hollywood California. We will also look into¬†...,2024-01-27 21:36:03.013006
/watch?v=NsFg1833M88&pp=ygUaTm9ydGggaG9sbHl3b29kIGNhbGlmb3JuaWE%3D,/@DonutOperator,Donut Operator,North Hollywood Bank Robbery Shootout of 1997,2.9M,5 years,"The North Hollywood shootout was a confrontation between two heavily armed and armored bank robbers, Larry Phillips Jr. and¬†...",2024-01-27 21:36:03.015647
/watch?v=OuIsVarRa14&pp=ygUaTm9ydGggaG9sbHl3b29kIGNhbGlmb3JuaWE%3D,/@TheNSTLKIAChannel,The NSTLKIA Channel,A Full Timeline Of The North Hollywood Shootout,34K,1 year,"February 28, 1997. Two men exit a 1987 Chevy Celebrity sedan, outside of a Bank of America Branch in North Hollywood,¬†...",2024-01-27 21:36:12.338903
/watch?v=0YjWXItjbxw&pp=ygUaTm9ydGggaG9sbHl3b29kIGNhbGlmb3JuaWE%3D,/@user-vo7pw8um9k,HS-Basketball Game,Crossroads vs. Oakwood High School Basketball LIVESTREAM,No,1 minute,"Watch Match Live Here : https://www.youtube.com/@HSBasketballGame-xq4sg The Oakwood (North Hollywood, CA) varsity¬†...",2024-01-27 21:36:12.342197
/watch?v=N1IQrUsoNSw&pp=ygUaTm9ydGggaG9sbHl3b29kIGNhbGlmb3JuaWE%3D,/@OscarNGKWilliamson,OscarNGKWilliamson,California High School Boys Basketball : Kaiser @ San Bernardino [LIVESTREAM],No,10 hours,"... https://www.youtube.com/@HIGHSCHOOLBASTTBALL2024/about The Campbell Hall (North Hollywood, CA) varsity basketball¬†...",2024-01-27 21:36:12.343546
/watch?v=f0vLWxMMroA&pp=ygUaTm9ydGggaG9sbHl3b29kIGNhbGlmb3JuaWE%3D,/@WesNGKNorris,WesNGKNorris,California High School Boys Basketball : Ayala vs. Marquez [LIVESTREAM],No,10 hours,"... Watch Here : https://www.youtube.com/@HIGHSCHOOLBASKETBAL2024/about The Oakwood (North Hollywood, CA) varsity¬†...",2024-01-27 21:36:12.344894
/watch?v=K1ctszweffU&pp=ygUaTm9ydGggaG9sbHl3b29kIGNhbGlmb3JuaWE%3D,/@JoleneJAVContreras,JoleneJAVContreras,"Ayala vs. Marquez California Boys Basketball [Jan 27, 2024]",No,31 minutes,"... https://www.youtube.com/@HIGHSCHOOLSBASKETBALLS/about The Oakwood (North Hollywood, CA) varsity basketball team¬†...",2024-01-27 21:36:12.346168
/watch?v=7iIObEwOoTA&pp=ygUaTm9ydGggaG9sbHl3b29kIGNhbGlmb3JuaWE%3D,/@Vikings-qVLP211,Sabres,Crossroads Vs Oakwood - High School Basketball LIVE STREAM‚Äé,No,1 hour,Stream Games To Day Crossroads vs Oakwood High School Basketball Stream Here Free:¬†...,2024-01-27 21:36:12.347391
/watch?v=Z0rIJY8aUDk&pp=ygUaTm9ydGggaG9sbHl3b29kIGNhbGlmb3JuaWE%3D,/@SloaneJAVMurillo,SloaneJAVMurillo,"LIVE : Ayala vs. Marquez California Boys Basketball [Jan 27, 2024]",No,11 minutes,"... https://www.youtube.com/@HIGHSCHOOLBASKETBALL11756/about The Oakwood (North Hollywood, CA) varsity basketball¬†...",2024-01-27 21:36:12.348838
/watch?v=ak7zkxCPQkI&pp=ygUaTm9ydGggaG9sbHl3b29kIGNhbGlmb3JuaWE%3D,/@AmarisJAVVelez,AmarisJAVVelez,"Ayala vs. Marquez California Boys Basketball [Jan 27, 2024]",No,28 minutes,"Ayala Vs Marquez, Watch Here : https://www.youtube.com/@SportsLiveToday2023/about The Oakwood (North Hollywood, CA)¬†...",2024-01-27 21:36:12.350833
/watch?v=FmvWVONmtO4&pp=ygUaTm9ydGggaG9sbHl3b29kIGNhbGlmb3JuaWE%3D,/@NBCLA,NBCLA,North Hollywood Bank Shootout | I Was There When... S1 E3 | NBCLA,66K,1 year,Two heavily armed bank robbers in body armor exchanged nearly 2000 rounds with officers outside a North Hollywood bank on¬†...,2024-01-27 21:36:12.352210
/watch?v=9wbNabuP6aM&pp=ygUaTm9ydGggaG9sbHl3b29kIGNhbGlmb3JuaWE%3D,/@HungryPassport,Hungry Passport,TOP 10 Things to do in LOS ANGELES - [2023 LA Travel Guide],934K,1 year,"In this video, you'll see the Top 10 things to see and do in Los Angeles plus bonus tips at the end of the video. The suggestions¬†...",2024-01-27 21:36:12.354060
/watch?v=OifDokhUqOA&pp=ygUaTm9ydGggaG9sbHl3b29kIGNhbGlmb3JuaWE%3D,/@CompaYorch,COMPA YORCH,North Hollywood CAüá∫üá∏ / POR SUS CALLES,2K,1 year,"Acompa√±ame a dar un recorrido por esta bonita ciudad, a petici√≥n de un fiel suscriptor del canal que vivi√≥ mas de 20 a√±os en¬†...",2024-01-27 21:36:12.355244
/watch?v=PzyL0FTA84M&pp=ygUaTm9ydGggaG9sbHl3b29kIGNhbGlmb3JuaWE%3D,/@KTLA5,KTLA 5,Violent follow-home robbery caught on camera in North Hollywood,128K,2 months,Police are searching for the suspects behind a series of violent follow-home robberies across North Hollywood. Surveillance¬†...,2024-01-27 21:36:12.356717
/watch?v=zY-O9_OlWQ0&pp=ygUaTm9ydGggaG9sbHl3b29kIGNhbGlmb3JuaWE%3D,/@NBCLA,NBCLA,Crews Cleaning Up Homeless Encampments in North Hollywood | NBCLA,16K,2 years,"‚Äî‚Äî‚Äî Don't miss an NBCLA video, subscribe here: https://bit.ly/2NnofFF For more, visit NBCLA.COM here: https://bit.ly/2uB6niE¬†...",2024-01-27 21:36:12.357910
/watch?v=wZg4mcYkIwU&pp=ygUaTm9ydGggaG9sbHl3b29kIGNhbGlmb3JuaWE%3D,/@LANewsArchive,LA News Archive,"North Hollywood Bank Shootout_February 28, 1997",5M,10 years,Raw footage from the North Hollywood Bank Shootout. The North Hollywood shootout was an armed confrontation between two¬†...,2024-01-27 21:36:12.359194
/watch?v=mF4Bi5zUgHU&pp=ygUaTm9ydGggaG9sbHl3b29kIGNhbGlmb3JuaWE%3D,/@toddntasha,THE PODCAST WITH TODD N TASHA,Moving to North Hollywood Arts District | What you need to know,2.4K,2 years,LA vlog: If you're moving to Los Angeles area and thinking about moving to North Hollywood Arts district then watch this video.,2024-01-27 21:36:12.360455
/watch?v=z9tpcKPxIv0&pp=ygUaTm9ydGggaG9sbHl3b29kIGNhbGlmb3JuaWE%3D,/@iamalyshaj,Alysha Johnson,North Hollywood Living: Brand NEW Cozy Tiny Box Studio Apartment Tour In LA,2.4K,10 months,Perks include: exclusive apartment tour videos chosen BY YOU early access to upcoming videos apartment tour request¬†...,2024-01-27 21:36:12.361732
/watch?v=kk7ydQ0oIN4&pp=ygUaTm9ydGggaG9sbHl3b29kIGNhbGlmb3JuaWE%3D,/@creatinginvestmentsprojects,Karen Rodriguez,"4944 Denny Ave North Hollywood, CA",1.8K,11 months,4944 Denny Ave Sales Listing Video.,2024-01-27 21:36:12.362910
/watch?v=fIS95Nw1pA4&pp=ygUaTm9ydGggaG9sbHl3b29kIGNhbGlmb3JuaWE%3D,/@FBIDeclassified1,FBI Declassified,The Pair of Robbers That Ravaged North Hollywood in a 44 Minute Fire Fight,21K,5 months,The Pair of Robbers That Ravaged North Hollywood in a 44 Minute Fire Fight- The North Hollywood Shootout In the heart of North¬†...,2024-01-27 21:36:12.364734
/watch?v=18SMha1o7L8&pp=ygUaTm9ydGggaG9sbHl3b29kIGNhbGlmb3JuaWE%3D,/@IvyAquino,Ivy Aquino,"Birthday Dinner at Spumante ( North Hollywood, Ca)",2.3K,2 years,Celebrated Myrna's birthday at Spumante North Hollywood! Filmed using iphone13 pro max. : Luke Bergs: ‚ñ∑Youtube:¬†...,2024-01-27 21:36:20.789177
/watch?v=KfuYammMfmk&pp=ygUaTm9ydGggaG9sbHl3b29kIGNhbGlmb3JuaWE%3D,/@Davidsellsla,David Emanuel Real Estate - The Emanuel Group,"For Sale North Hollywood- 7868 Vanscoy Ave North Hollywood, CA",262,2 years,"Welcome to 7868 Vanscoy Ave. Located in the heart of North Hollywood, this 3 bedroom 2 bathroom home features over 1275¬†...",2024-01-27 21:36:20.790547
/watch?v=IxUwTOH2OO4&pp=ygUaTm9ydGggaG9sbHl3b29kIGNhbGlmb3JuaWE%3D,/@hopethemission,Hope the Mission,"Tiny Home Village - Alexandria Park, North Hollywood, California",18K,2 years,"Ken Craft, Founder/CEO of Hope of the Valley Rescue Mission shares about the opening of the largest Tiny Home Village in¬†...",2024-01-27 21:36:20.791744
/watch?v=TDuUnLrf7lk&pp=ygUaTm9ydGggaG9sbHl3b29kIGNhbGlmb3JuaWE%3D,/@kingbenzbites,Benz Bites,"Season 1 Episode 2: North Hollywood, CA. Jimmy‚Äôs Burgers",401,1 year,Visited Jimmys burgers in North Hollywood. Good burgers and lots to choose from.,2024-01-27 21:36:20.792965
/watch?v=JAhzgCFyZls&pp=ygUaTm9ydGggaG9sbHl3b29kIGNhbGlmb3JuaWE%3D,/@Cbinsideout,Coldwell Banker Realty - Southern California,"12781 Willard Street North Hollywood, CA |",118,1 year,"12781 Willard Street, North Hollywood, CA Map it at https://www.google.com/maps/place/12781+Willard+Street¬†...",2024-01-27 21:36:20.794226
/watch?v=1qhNSuNdnyM&pp=ygUaTm9ydGggaG9sbHl3b29kIGNhbGlmb3JuaWE%3D,/@hammondhammondinc26,"Hammond & Hammond, Inc","6916 Agnes Ave. #3, North Hollywood, CA 91605",30,2 weeks,3 Bedrooms + 2 Bathrooms.,2024-01-27 21:36:20.795395
/watch?v=L0vo97JoiuQ&pp=ygUaTm9ydGggaG9sbHl3b29kIGNhbGlmb3JuaWE%3D,/@Linescrew1Canada,Linescrew1,"The Brady Bunch House: Then and Now 11222 Dilling Street North Hollywood, CA",503K,12 years,"This is the iconic television home of the Brady Bunch, located at 11222 Dilling Street, North Hollywood, California. It is about a ten¬†...",2024-01-27 21:36:20.796660
/watch?v=ryAZOYIG33Y&pp=ygUaTm9ydGggaG9sbHl3b29kIGNhbGlmb3JuaWE%3D,/@losangelespropertymanageme3078,Los Angeles Property Management Group,North Hollywood Homes for Rent 3BR/2BA by North Hollywood Property Management,432,9 months,"This lovely house features 3 bedrooms, 2 bathrooms, a detached bonus room, and 1958 square feet of living space. Inside, you'll¬†...",2024-01-27 21:36:20.797829
/watch?v=JEMJhJYgzDs&pp=ygUaTm9ydGggaG9sbHl3b29kIGNhbGlmb3JuaWE%3D,/@smartshoot,SmartShoot Global,"Autobahn Collision Center Video - North Hollywood, CA - Auto",555,12 years,"Autobahn Collision Center - North Hollywood, CA.",2024-01-27 21:36:20.802857
/watch?v=Zf5aaJygB80&pp=ygUaTm9ydGggaG9sbHl3b29kIGNhbGlmb3JuaWE%3D,/@yellowpages,yellowpages,"Little Toni's Pizzeria Restaurant | North Hollywood, CA | Pizzerias",1K,8 years,"Little Toni's Pizzeria Restaurant in North Hollywood, CA is a great place to take the whole family! To Interact with this ypVideo 360¬†...",2024-01-27 21:36:20.804176
/watch?v=dOCFPohW6Qc&pp=ygUaTm9ydGggaG9sbHl3b29kIGNhbGlmb3JuaWE%3D,/@Foxla,FOX 11 Los Angeles,North Hollywood roads flooded in SoCal storms,3.3K,1 month,FOX 11's Christina Gonzalez was in North Hollywood as some of the roads were flooded in ankle-deep rainwater. Subscribe to¬†...,2024-01-27 21:36:20.805644
/watch?v=6-cMIVNntHs&pp=ygUaTm9ydGggaG9sbHl3b29kIGNhbGlmb3JuaWE%3D,/@Duranvideo,Duranvideo,Bank robbers (North Hollywood California),518K,16 years,Bank robbers turn North Hollywood California into a warzone. The famous Bank of America robbery. North Hollywood shootout¬†...,2024-01-27 21:36:20.807263
/watch?v=1iQVv6YiLyE&pp=ygUaTm9ydGggaG9sbHl3b29kIGNhbGlmb3JuaWE%3D,/@BreshaWebb,Bresha Webb,"Bresha Webb @ Skinnys North Hollywood, CA",4.4K,11 years,Bresha Webb doing stand up & singing at Skinny's in North Hollywood Please Subscribe to my channel and watch and subscribe¬†...,2024-01-27 21:36:20.808500
/watch?v=__RajPUk2o0&pp=ygUaTm9ydGggaG9sbHl3b29kIGNhbGlmb3JuaWE%3D,/@Johnhartrealestate,JohnHart Real Estate,"12421 Stagg St, North Hollywood, CA 91605",224,2 years,"Amazing location, curb appeal and so much character! This is a North Hollywood property that has a front home with 3 bedrooms¬†...",2024-01-27 21:36:20.809726
/watch?v=BFj7jKVKSRo&pp=ygUaTm9ydGggaG9sbHl3b29kIGNhbGlmb3JuaWE%3D,/@losangelespropertymanageme3078,Los Angeles Property Management Group,Apartment for Rent in North Hollywood 1BR/1BA by Property Management in North Hollywood CA,548,3 years,"This amazing apartment for rent in North Hollywood features 1 bedroom, 1 bathroom, and an open-plan layout. It has easy access¬†...",2024-01-27 21:36:20.810940
/watch?v=mQnqa0prbXQ&pp=ygUaTm9ydGggaG9sbHl3b29kIGNhbGlmb3JuaWE%3D,/@AgentMarketingVids,Agent Marketing videos,"Priced at $499,000 - 6904 Vantage Ave #109, North Hollywood, CA 91605",316,7 years,"**Off Market, scheduled to hit MLS on 7/6/2016** Tucked away behind the gates of the quaint Casas Privadas private community¬†...",2024-01-27 21:36:20.812087
/watch?v=AN3pj1-Hnj0&pp=ygUaTm9ydGggaG9sbHl3b29kIGNhbGlmb3JuaWE%3D,/@ABC7,ABC7,Residents blame homeless encampment for North Hollywood fire that damaged home,12K,5 months,A fire in North Hollywood left a home with extensive damage and residents say it may have something to do with a group of¬†...,2024-01-27 21:36:20.814468
/watch?v=XO2eOMQi7MY&pp=ygUaTm9ydGggaG9sbHl3b29kIGNhbGlmb3JuaWE%3D,/@NBCLA,NBCLA,The Brews Brothers Bring Craft Beer to North Hollywood | California Live | NBCLA,1.4K,4 years,"CA Live hangs out at Brews Brothers, a new craft beer bar in North Hollywood owned by twin brothers, Billie and Joey. Don't worry¬†...",2024-01-27 21:36:20.815738
/watch?v=yZuLMpJmQ8s&pp=ygUaTm9ydGggaG9sbHl3b29kIGNhbGlmb3JuaWE%3D,/@extraspacestorage,Extra Space Storage,"Storage Units in North Hollywood, CA - Extra Space Storage",31,2 years,"Storage facilities in North Hollywood feature a number of great amenities, including: ‚Ä¢ Storage unit sizes ranging from 25 square¬†...",2024-01-27 21:36:20.817045
/watch?v=DSDNvq7EMz8&pp=ygUaTm9ydGggaG9sbHl3b29kIGNhbGlmb3JuaWE%3D,/@Foxla,FOX 11 Los Angeles,"Heavy rain, flooding reported in North Hollywood",11K,10 months,"The 11th atmospheric river of the season hit Southern California Tuesday, bringing heavy rain and causing major flooding to the¬†...",2024-01-27 21:36:28.647851
/watch?v=twapTLr4W2M&pp=ygUaTm9ydGggaG9sbHl3b29kIGNhbGlmb3JuaWE%3D,/@KTLA5,KTLA 5,A homeless man attacks woman with scissors in North Hollywood,5.7K,1 year,A homeless man has been arrested after allegedly stabbing a woman in the head with a pair of scissors and later throwing a jar of¬†...,2024-01-27 21:36:28.650824
/watch?v=41T0I4lk2WA&pp=ygUaTm9ydGggaG9sbHl3b29kIGNhbGlmb3JuaWE%3D,/channel/UCuOynwA11Nw2Qo7ECzbvtvA,Katie Ferrara,"Katie Ferrara-The Street Sessions-""Oh Amelia"", Live in North Hollywood, CA",1.3K,2 years,"Please like, comment, share and subscribe! Thank you! It's been a while since I posted one of these ""Street Sessions"" videos!",2024-01-27 21:36:28.653976
/watch?v=C5Ju0xsmGzs&pp=ygUaTm9ydGggaG9sbHl3b29kIGNhbGlmb3JuaWE%3D,/@RentAptsOnline,RentAptsOnline,"North Hollywood Apartments, Runnymede Apartments For Rent; North Hollywood CA 91645, Rental Apts",565,9 years,"www.RentRunnymedeApts.Com North Hollywood Apartments For Rent 11744 Runnymede St. North Hollywood, CA 91645¬†...",2024-01-27 21:36:28.656970
/watch?v=R6HzPhSJP-k&pp=ygUaTm9ydGggaG9sbHl3b29kIGNhbGlmb3JuaWE%3D,/@extraspacestorage,Extra Space Storage,"Storage Units in North Hollywood, CA on Vanowen St - Extra Space Storage",83,1 year,"This storage facility features a number of great amenities, including: ‚Ä¢ Storage unit sizes ranging from 5x4 storage units to 10x30¬†...",2024-01-27 21:36:28.662199
/watch?v=4h9xD9Fbigw&pp=ygUaTm9ydGggaG9sbHl3b29kIGNhbGlmb3JuaWE%3D,/@ThinkRealEstate,Think Real Estate,"6208 Ben Ave. North Hollywood, CA 91606 Think Real Estate",1.8K,3 years,"Great opportunity in NOHO! This charming 1940's house is just a 2-minute walk to the shops and restaurants at NOHO WEST,¬†...",2024-01-27 21:36:28.665062
/watch?v=lXQnw0KIYu8&pp=ygUaTm9ydGggaG9sbHl3b29kIGNhbGlmb3JuaWE%3D,/@PacificListings,PacificListings,"PL10001 - Remodeled Upper 1 Bed + 1 Bath Apartment for Rent (North Hollywood, CA)",236,1 year,"Pacific Listings is proud to present this Remodeled Upper Middle 1+1 w/ PARKING, A/C, Laundry, POOL, Faux Hardwood, PET¬†...",2024-01-27 21:36:28.667826
/watch?v=232q7ycicXY&pp=ygUaTm9ydGggaG9sbHl3b29kIGNhbGlmb3JuaWE%3D,/@codemanstravels,Codeman's Travels,"Famous Celebrities Graves at Valhalla Memorial Park in North Hollywood, California",5.7K,1 year,"Famous Celebrities Graves at Valhalla Memorial Park in North Hollywood, California.",2024-01-27 21:36:28.671938
/watch?v=ytq4n7QKQLk&pp=ygUaTm9ydGggaG9sbHl3b29kIGNhbGlmb3JuaWE%3D,/@CorrieSommersLuxuryRealtor,"Corrie Sommers, Luxury Realtor",North Hollywood CA a History and Real Estate with Luxury Realtor Corrie Sommers.,260,3 years,North Hollywood CA a History and Real Estate with Luxury Realtor Corrie Sommers. 31 Neighborhood Videos in 31 Days.,2024-01-27 21:36:28.675928
/watch?v=cv5oiqV87DQ&pp=ygUaTm9ydGggaG9sbHl3b29kIGNhbGlmb3JuaWE%3D,/@superiorkarco4943,SuperiorKar Co,2019 Chevrolet Colorado Work Truck 4 D TRUCKS IN NORTH HOLLYWOOD CA #superiorkarco #chevycolorado,33,3 weeks,2019 Chevrolet Colorado Work Truck 4-Door Truck #chevy #trucks #commercialvans #commercialtrucks That's right!!! CARGO¬†...,2024-01-27 21:36:28.678697
/watch?v=HFxxCE4_0kQ&pp=ygUaTm9ydGggaG9sbHl3b29kIGNhbGlmb3JuaWE%3D,/@KTLA5,KTLA 5,Elementary school Pride protest in North Hollywood turns violent,631K,7 months,"At Saticoy Elementary School in North Hollywood, controversy over a scheduled Pride event came to a head Friday morning when¬†...",2024-01-27 21:36:28.681796
/watch?v=Oqrx5jdnuHc&pp=ygUaTm9ydGggaG9sbHl3b29kIGNhbGlmb3JuaWE%3D,/@AptsForRent,ForRent.com,"NoHo Apartments in North Hollywood, CA - ForRent.com",2K,9 years,"NoHo Apartments for rent in North Hollywood, CA on ForRent.com: (866) 460-6559¬†...",2024-01-27 21:36:28.685167
/watch?v=-ecbqm-KQ9c&pp=ygUaTm9ydGggaG9sbHl3b29kIGNhbGlmb3JuaWE%3D,/@RuskiOperator,RuskiOperator,ùêçùê®ùê´ùê≠ùê° ùêáùê®ùê•ùê•ùê≤ùê∞ùê®ùê®ùêù ùüèùüóùüóùüï,1.1M,1 year,The North Hollywood shootout was a really interesting event in American Police History. Would highly recommend you guys do¬†...,2024-01-27 21:36:28.687980
/watch?v=PHL1xa2b33M&pp=ygUaTm9ydGggaG9sbHl3b29kIGNhbGlmb3JuaWE%3D,/@thebaraschgroup1935,TheBaraschGroup,"11565 Huston St, North Hollywood, Ca 91601",419,3 years,Listed by Michael Barasch with Rodeo Realty.,2024-01-27 21:36:28.690720
/watch?v=q5GyovJasnU&pp=ygUaTm9ydGggaG9sbHl3b29kIGNhbGlmb3JuaWE%3D,/@braumreleasing6633,BRAUM RE LEASING,"11459 Collins St Unit 212, North Hollywood, CA 91601",123,1 month,To apply visit rentbraum.com.,2024-01-27 21:36:28.693323
/watch?v=WlKo1m81qK8&pp=ygUaTm9ydGggaG9sbHl3b29kIGNhbGlmb3JuaWE%3D,/@Foxla,FOX 11 Los Angeles,"1 dead, another seriously hurt after shooting at a North Hollywood hookah lounge",9.6K,1 year,One person is dead and another is fighting for their life at the hospital after a shooting broke out at a North Hollywood shopping¬†...,2024-01-27 21:36:28.696150
/watch?v=hPumDKhdjm8&pp=ygUaTm9ydGggaG9sbHl3b29kIGNhbGlmb3JuaWE%3D,/@cbadgers2235,CBadgers223,1997 North Hollywood Shootout rare footage,68K,3 years,"February 28th, 1997 two bank robbers Larry Phillips and Emil Matasareanu robbed a Bank of America and what followed was the¬†...",2024-01-27 21:36:28.699007
/watch?v=donteAddKM4&pp=ygUaTm9ydGggaG9sbHl3b29kIGNhbGlmb3JuaWE%3D,/@DONEUEMF,DONEUEMF,CLANTON 14 NORTH HOLLYWOOD L.A. GANG CALIFORNIA,249K,14 years,HERES A CLIP OF A NEWS SPECIAL ABOUT KIDS IN GANGS IN L.A. CALIFORNIA FOCUSING ON THE CLANTON 14 GANG.,2024-01-27 21:36:28.701841
